crew,seat,scenario,epoch_index,event_label,beats_per_min_anchored_z,hr_var_anchored_z,gaze_variance_anchored_z,gaze_vel_avg_anchored_z,pupilD_avg_anchored_z,taskLoad_index_spec_anchored_z,engagement_index_spec_anchored_z,hr_hrv_ratio_anchored_z,taskLoad_sq_anchored_z,beats_per_min_anchored_lag1_z,beats_per_min_anchored_lag2_z,beats_per_min_anchored_grad_z,hr_var_anchored_lag1_z,hr_var_anchored_lag2_z,hr_var_anchored_grad_z,gaze_variance_anchored_lag1_z,gaze_variance_anchored_lag2_z,gaze_variance_anchored_grad_z,gaze_vel_avg_anchored_lag1_z,gaze_vel_avg_anchored_lag2_z,gaze_vel_avg_anchored_grad_z,pupilD_avg_anchored_lag1_z,pupilD_avg_anchored_lag2_z,pupilD_avg_anchored_grad_z,taskLoad_index_spec_anchored_lag1_z,taskLoad_index_spec_anchored_lag2_z,taskLoad_index_spec_anchored_grad_z,engagement_index_spec_anchored_lag1_z,engagement_index_spec_anchored_lag2_z,engagement_index_spec_anchored_grad_z,hr_hrv_ratio_anchored_lag1_z,hr_hrv_ratio_anchored_lag2_z,hr_hrv_ratio_anchored_grad_z,taskLoad_sq_anchored_lag1_z,taskLoad_sq_anchored_lag2_z,taskLoad_sq_anchored_grad_z
1.0,0.0,0.0,0.0,0.0,0.0,0.0,0.0,0.0,0.0,0.0,0.0,0.0,0.0,0.0,0.0,0.0,0.0,0.0,0.0,0.0,0.0,0.0,0.0,0.0,0.0,0.0,0.0,0.0,0.0,0.0,0.0,0.0,0.0,0.0,0.0,0.0,0.0,0.0,0.0,0.0
1.0,0.0,0.0,0.0,0.0,0.0,0.0,0.707075074327447,0.70710120467231,0.69566339563946,0.0,0.0,0.0,0.0,0.0,0.0,0.0,0.0,0.0,0.0,0.7065955953386922,0.0,0.707072979240615,-0.7071067006832014,0.0,0.7071067018288117,-0.6956978324516949,0.0,0.7013471758471028,0.0,0.0,0.0,0.0,0.0,0.0,0.0,0.0,0.0,3.5527136609506166e-09,0.0,-3.5527136609506166e-09
1.0,0.0,0.0,0.0,0.0,0.0,0.0,-1.027087838674639,1.154690311530717,0.9900602826082777,0.0,0.0,0.0,0.0,0.0,0.0,0.0,0.0,0.0,0.0,1.1530772455140197,1.1536783327652753,-1.1062874292452909,-0.5647125523243514,-1.1547003773725628,1.1192633718745584,0.5633628997150887,-1.1319650839605515,0.575540593453908,0.0,0.0,0.0,0.0,0.0,0.0,0.0,0.0,0.0,2.3684757761507546e-09,4.736951552301509e-09,-2.368475776150754e-09
1.0,0.0,0.0,0.0,0.0,0.0,0.0,1.497421932765123,0.773575680598025,1.0060311255453127,0.0,0.0,0.0,0.0,0.0,0.0,0.0,0.0,0.0,0.0,-1.2579123713277578,1.4975524104863251,1.4947748117503925,1.4142010222130206,-0.8533873117966208,-0.4099116177456768,1.2094600629857908,0.4846637509302172,0.13281066082769566,0.0,0.0,0.0,0.0,0.0,0.0,0.0,0.0,0.0,1.7763568330893632e-09,3.5527136642261315e-09,-1.7763568330893632e-09
1.0,0.0,0.0,1.0,0.0,-1.7888522335715475,-1.7888527998821868,-0.5322526525743204,1.7396876896634852,0.23512323608936958,1.7888538143200499,-1.7888225362254733,1.7882993916047434,1.7888543544724134,0.0,0.0,-1.7888522335715475,0.0,0.0,-1.7888527998821868,1.7859708810874129,-1.4525041183678418,-1.4085920454532925,0.9444618217621173,1.6329786672410271,1.7165656863109766,1.2188364466703208,1.393549864768528,-0.9780645377875254,0.0,0.0,1.7888538143200499,0.0,0.0,-1.7888225362254733,0.0,0.0,1.7882993916047434,1.421085467004497e-09,2.8421709319792324e-09,1.7888543544724134
1.0,0.0,0.0,1.0,0.0,-1.2909931059679118,-1.2909934599121606,-0.0744472959633112,0.2987689102311585,-0.8228236269913793,1.290994093935927,-1.2909745450793602,1.2906475653204952,1.290994431531169,-2.0412387667842675,0.0,0.40824775335685354,-2.0412394746724263,0.0,0.4082478949344852,-0.5082056438807557,2.0380817886556972,0.2696455549748592,1.9870412251900644,1.0936053193762811,-1.4154221066915105,0.3378788376385922,1.403866089667975,-1.0509220930500196,2.0412407427196095,0.0,-0.4082481485439219,-2.041201645169005,0.0,0.40824032903380103,2.0405477348676473,0.0,-0.4081095469735295,2.0412414179100424,2.368475777176526e-09,-0.40824828358200843
1.0,0.0,0.0,1.0,0.0,-1.0690438934353448,-1.069044176590761,-0.4915386171390899,0.18712268470229707,1.8265538360563816,1.0690446838097918,-1.069029044716217,1.0687674583890736,1.0690449538859883,-1.463848498101425,-2.267783615413646,0.37796393590227434,-1.4638489228344786,-2.2677844648792806,0.3779640774798801,-0.010752282068501786,-0.4908608745178309,-0.2975312088231023,0.41070254633172304,2.209003662538704,-0.1938156913819293,-0.8495226926312633,0.4266964915593628,1.922286907120209,1.463849683662952,2.26778598653574,-0.37796433108929,-1.4638262250565333,-2.2677390695496307,0.37795651159160515,1.4634338558450581,2.266954399780669,-0.3778257332967782,1.463850088777236,2.267786796764236,-0.3779644661273726
1.0,0.0,0.0,1.0,0.0,-0.9354134067559267,-0.9354136545169157,-0.23439426821350212,-0.3923150124505482,-0.11809307569373802,0.935414098333568,-0.9354004141266901,0.9351715260904395,0.9354143346502398,-1.207613475599083,-1.62018329472714,0.35355285348637355,-1.2076138059470496,-1.6201837902489844,0.3535529950639552,-0.47134686146681076,0.044063750589495486,0.14908127789637138,0.28710647961778757,0.507893868722172,-0.5573988848004884,2.0028016549453387,-0.8760553373187042,-1.4432938493792127,1.2076143977025662,1.6201846778821507,-0.35355324867334026,-1.207596152102467,-1.6201573095325805,0.3535454291872304,1.207290970801299,1.619699552897526,-0.353414654397009,1.2076147127914594,1.6201851505154743,-0.3535533837114192
1.0,0.0,0.0,2.0,0.0,2.4973023008326023,2.410848113710948,0.1280254776999389,0.7953356036848717,2.5092771212408578,-1.7403944818004504,0.06453850641618906,-0.5855548913275719,-1.263521322133527,-1.0540914791751224,-1.3333319010476288,2.607483919091373,-1.0540917623305315,-1.3333322785881383,2.5800838675724713,-0.20137765831016693,-0.4554000025696352,0.2050942839056585,-0.3268138932112452,0.3736780911954997,0.895573214501859,-0.06458164624608227,2.1654032199883644,2.3598204996792593,1.0540922695495551,1.3333329548801327,-2.3683002680156235,-1.0540766304593434,-1.3333121027771928,1.4789793591342708,1.0538150451506925,1.3329633276174904,-1.8564452272197172,1.0540925396257508,1.333333314981721,-2.191998250086372
1.0,0.0,0.0,2.0,0.0,1.8275111923088685,1.7895248911029282,-0.40399305612574476,-1.36794813060448,1.4118153352289262,-1.434798843371197,0.06159359197529951,-0.5484772616338083,-1.1105371719028891,2.6444809176845303,-1.1618937953711208,-0.2347422990689525,2.5414531246528984,-1.1618941139209442,-0.21604873295961924,0.18052873792418397,-0.17259347458981927,-0.36277623232241024,0.8969722413304364,-0.27230050528102545,-1.6344003459242997,2.6767694906798716,-0.017737345866834037,-0.9543658022913127,-1.7600318582022487,1.1618946845423344,0.11666344347376922,-0.03484719829763502,-1.1618770905714242,0.12362216489007093,-0.5028605017386718,1.1615828087884457,-0.037338776747185935,-1.2279553236074132,1.1618949883780523,0.05607475786689737
1.0,0.0,0.0,2.0,0.0,1.514338679440964,1.4906166419847624,-0.5493757471360198,-0.3675596036550576,0.5454862145784568,-1.2509893942544903,0.05901168249962836,-0.5177692748914818,-1.003517478376264,1.9399345378540167,2.783812678420069,-0.2243221210705454,1.8945565120711103,2.6654638942798194,-0.2065457981971733,-0.382504643013645,0.22815034253897237,-0.10720431815805952,-1.3597481298315677,0.9895438371421115,0.7362089390875634,1.5180806285907487,2.834730716736869,-0.9522391299509453,-1.471942055061951,-1.7835844183785579,0.11171783754350724,-0.03339080709360367,-0.11808763109461956,0.11837144574313463,-0.4758268493899366,-0.43634470555868266,-0.03577734075633048,-1.096185012504044,-1.2031209622270314,0.053726000122203896
1.0,0.0,0.0,2.0,0.0,1.323427202418685,1.3062269370510922,-0.19793918729490906,-0.8659025005787807,1.9505936023137405,-1.1247387899887666,0.056725207641136664,-0.4917729670372959,-0.9231222870781056,1.6081923400274993,2.0464507340966653,-0.21516941695023153,1.5799707213751115,1.9942164749656892,-0.19818766335173077,-0.539671795510344,-0.36391279167113927,0.21699162588863305,-0.32850735487203053,-1.3568994147239886,-0.4107358208571261,0.6188936704729228,1.6178110440706017,1.5638644399731876,-1.2925882956808175,-1.5088155355784283,0.10734504585166492,-0.032100525932168854,-0.11345782390167555,0.11373012739221049,-0.4527816789060757,-0.4158851168465013,-0.03439404214902309,-1.000232759765513,-1.0868310064469804,0.05164578010889115
1.0,0.0,0.0,3.0,0.0,-1.9913686055908666,-2.002938577934954,-0.5093399825970869,-0.9477824872117997,1.8840378723392168,-0.8009920055752847,2.2253389610101215,1.7100535674191588,-0.8018655211457909,1.4054628783644691,1.6972096861024353,-2.886385295678176,1.3851021100750143,1.6648349096211301,-2.863600619308054,-0.17538523543011172,-0.5317953788609682,-0.21326795816754968,-0.8531424855624422,-0.2942414170537862,-0.09495219267444746,2.0495785629968224,0.6863859666793788,0.2037447306069499,-1.1670804176938239,-1.332924905173097,0.4227915239279678,-0.030947473782289684,-0.10932811245675102,2.5037319920455947,-0.43282294234090785,-0.3980796777666815,2.160116004882987,-0.926248656638692,-0.9994734908060027,0.12475465234442544
1.0,0.0,0.0,3.0,0.0,-1.6835802379807416,-1.6910498324989058,-0.37426218086073415,-0.7456233299991534,-0.5720016321143091,-0.7556191791747738,1.8287271184879645,1.4924366451825428,-0.7564041858237016,-2.0566773199589994,1.4833267809255954,0.12425135286445493,-2.0746158797064993,1.4600686033815267,0.12859369317507865,-0.5020103403111361,-0.15488339019859054,0.08139808481712957,-0.9466587948706088,-0.8432603532193573,0.149488847402243,1.9719529832967506,2.1445693054226203,-2.425887439419056,-0.831821424980575,-1.2078967195229522,0.07341472515373883,2.2219641373916654,-0.10561537692630818,-0.12593060073254633,1.7914323790155056,-0.38239632894282793,-0.20005203687629725,-0.8062206180940388,-0.9306779443489567,0.04204699453728795
1.0,0.0,0.0,3.0,0.0,-1.4864152880279105,-1.4918888365397418,-0.2032680745194024,-0.5519156205910241,0.7770891725050617,-0.7173124771746578,1.5905563522115118,1.3421497237834992,-0.7180283058375589,-1.7446513425988435,-2.119956902785266,0.1202789667298222,-1.7562881018341536,-2.143849104214243,0.12447757951947268,-0.3641207310268934,-0.4958894053484499,0.10363862395322826,-0.7427083121282052,-0.9471115588127147,0.15128941901913512,-0.5284319889721062,2.0567377613503615,1.1924143908113292,-0.786378109926547,-0.8615333849953098,0.07109323581402101,1.8491921824801,2.22457194374139,-0.12190261440753122,1.5641941007655138,1.8701716650617288,-0.19348357901004554,-0.7632713228828183,-0.811340267364886,0.040722695397230266
1.0,0.0,0.0,3.0,0.0,-1.3462663892239533,-1.3505818434982195,-0.4671467577772501,1.2667129132289778,-0.3429609860458988,-0.684392652227761,1.427308490611742,1.2303088534738467,-0.6850528540134821,-1.543048534112895,-1.8036375193946954,0.11666277657021346,-1.5515835177518462,-1.8192013512636855,0.1207310080823457,-0.1885297983372021,-0.35508386525332836,-0.1802861239519062,-0.5455599710865034,-0.7409459508191444,1.4242433308732876,0.8390657893391279,-0.4904239126785693,-1.0555279751313549,-0.7477792513720624,-0.8160028208077695,0.06897753715577366,1.6186797345808364,1.8708809113920544,-0.11823598184455501,1.4069718136192273,1.6335224654988716,-0.1875204175071403,-0.7266436739327187,-0.7705287848218197,0.03951530068162589
1.0,0.0,0.0,4.0,0.0,-1.2555593391825681,-1.2702557261875613,0.10194485358784569,1.2918774480259323,0.3911117059776545,0.26867309082285973,-1.6651926623872677,1.3809769894771498,-0.0597378283580918,-1.3990400924494895,-1.597719007467897,0.09070023914304619,-1.4057654413868697,-1.6091437093138787,0.07840117093249047,-0.46256479545505597,-0.17491596726305247,0.36352656537753447,1.3268569378376833,-0.5402060881508065,0.028184877084056672,-0.2961991984786052,0.8972346897492196,0.605530254292549,-0.7144481808403013,-0.7771219524031319,1.2589847536492087,1.458124942049723,1.6467156044902007,-3.109831242292947,1.2898475620935548,1.469549401871192,0.18329087864545568,-0.6949113604559988,-0.7354141928466619,0.8012564581335693
1.0,0.0,0.0,4.0,0.0,-1.169115691673371,-1.1816165123799192,-0.37546263305413086,-1.0743542271729052,-0.8614022677000824,0.2610007587422725,-1.5027573509385184,1.2745456983514363,-0.058149311848933176,-1.3055459091716632,-1.449986272123718,0.11170309476072564,-1.3225416848954508,-1.4589842055491935,0.1165431497838966,0.12312532700097784,-0.4586687882072392,-0.3206746698789519,1.3504374813785494,1.3845871716806915,-1.8585389976300175,0.4439288996731039,-0.2544111718526032,-1.1219420803494298,0.27002253656845177,-0.743402435802553,-0.011000927853698354,-1.7293987205343009,1.4883942736917528,0.11805827949208045,1.4350612813330448,1.3472947813556841,-0.1992311489750345,-0.05025853872766274,-0.704772560914623,-0.009877935415374888
1.0,0.0,0.0,4.0,0.0,-1.0986205149688497,-1.109523700458941,0.08326853938692884,0.2004765333264381,0.20819090385284814,0.2539508559896064,-1.3806361421514524,1.1897646152357064,-0.05668058988129579,-1.21623860984309,-1.3538115169095077,0.10885414190561914,-1.2306737660911535,-1.3729812227911262,0.1135672595745844,-0.3686949291439042,0.14321237356979533,0.2906994515909146,-1.0759835206016837,1.406720550984123,0.9712811317255473,-0.8239351317901753,0.492956197357426,0.8808658260619765,0.26269401433861617,0.27148548544742507,-0.010724042949470821,-1.5608140226918867,-1.791413478720623,0.11504252446293045,1.3249565512428778,1.4881406085270497,-0.19400092856580012,-0.04899028758703371,-0.04131808569266646,-0.009629321729604037
1.0,0.0,0.0,4.0,0.0,-1.0396856790079172,-1.0493773791580983,0.08125790066768938,0.19546435716909227,1.635372700236084,0.24744346232296477,-1.2844813515439968,1.1201440313009319,-0.05531739221848687,-1.1432975985101355,-1.2617467982359412,0.10621194273452682,-1.1558681132655908,-1.2780065058413534,0.11080759636119732,0.10178731267579864,-0.3625586250322271,-0.01334651968624469,0.22842366781295287,-1.0784744273761837,-0.025807193256239726,0.25408702428283647,-0.7911351924143355,1.218757073918049,0.25593217837325793,0.2644647002629262,-0.010466979571494972,-1.434002499991056,-1.6168997633062927,0.11224597831378301,1.2371383380859264,1.374349666562103,-0.18916154759097115,-0.04781307086748052,-0.0403259660993843,-0.009398505235817835
1.0,0.0,0.0,5.0,0.0,-0.4895682637640738,-0.4150498007632311,-0.5461031907607966,0.19080994743633053,0.4071535609320491,-1.125207868288083,0.16512178848831044,-0.9767723637719824,-0.8091756736873714,-1.082249333618733,-1.1864501447315228,0.8522806475871224,-1.0934055682944466,-1.2005893273391732,0.9744572763033463,0.09943281918549708,0.11942682097530155,-0.4155144559816446,0.22290654054357184,0.2549867492806647,-0.02521636156768455,1.6871073452118688,0.29669089708820023,-1.1093032435629,0.24966749462078033,0.25796254623610737,-1.6829139257199335,-1.3341228125047946,-1.4855645077838633,1.7303810086180331,1.1649587470402594,1.283501294443358,-2.727945273909884,-0.046716538324064014,-0.03940179246834476,-0.9551740897964796
1.0,0.0,0.0,5.0,0.0,-0.47613997144518,-0.40430901849671846,-0.3276621351422303,-1.2158038263358475,-0.9764642444129177,-1.0687683859397648,0.1614035748716425,-0.9343525373176786,-0.779385042227836,-0.5199437149206008,-1.12336556703818,0.0628468035940057,-0.4457155617020317,-1.1358960069941695,0.06072903405991534,-0.5437305486171387,0.11677377445294716,0.13937025991855084,0.21777084328740545,0.24902106141823513,-1.0922198023375895,0.4521473155686745,1.7376734790599562,-1.1952057200118325,-1.1589987266307915,0.2519180871654342,0.07260329434969015,0.1442343504173337,-1.3820908837777506,0.01878405019686903,-0.9115296592125662,1.2087784467748097,-0.014748313323108603,-0.8209042515565449,-0.0385381757731551,0.037509325159373406
1.0,0.0,0.0,5.0,0.0,-0.46376753919429814,-0.3943657157560207,-0.5275860469352165,-1.1521549125647903,3.6036514743038155,-1.0201554264257124,0.15792543006637044,-0.897089417873556,-0.7527004258542116,-0.505935685993847,-0.5491252889503868,0.06152344802643334,-0.43440843284812647,-0.47508801749363155,0.05945062635086677,-0.3211467280878068,-0.5417740840751926,-0.13505601868195508,-1.2193806526415338,0.24345580875680906,0.0263864568783581,-0.9406565307095701,0.4943088970007375,3.568676416416956,-1.1014988326083965,-1.1918788828381215,0.07107235920108834,0.14114304087456486,0.12458187454731295,0.018390018610852526,-0.8759856988871029,-0.8555722980118933,-0.014438890019969201,-0.7916333160790963,-0.8325185687706211,0.03672162345431843
1.0,0.0,0.0,5.0,0.0,-0.45231868612477033,-0.38512540547363194,-0.5138606301347385,-1.0976733833705088,0.27164914476619734,-0.9777051845405397,0.1546626157827381,-0.8640107942363116,-0.7286136228226905,-0.49301103088192294,-0.534572866491968,0.06028010990577139,-0.423925642770921,-0.4632534704624261,0.0582494963626821,-0.526342863009056,-0.31508557842838025,0.006697931009444844,-1.1579254793601232,-1.2235401220812028,0.025854947721151274,3.672148318499424,-0.9089104440835735,-2.4848071056368375,-1.0518880736319456,-1.1333481564806396,0.06963412548866334,0.13824205569907727,0.12203296691304563,0.018019719442825648,-0.8443505474816183,-0.8252895954323037,-0.014148100650230207,-0.7653231753342147,-0.8037188649770316,0.03598141926008847
1.0,0.0,0.0,6.0,0.0,0.24600373106723677,0.3458516535153312,-0.01895187425896448,-2.0777311649815466,-0.02911662434353662,-0.45252506965826517,-0.7541750722595546,-1.7191054539423145,-0.5617344569972378,-0.4810361198966863,-0.5211288298542358,1.0445816880805652,-0.41417117011358884,-0.452267318231605,1.0794471741441423,-0.5131981586554919,-0.5253949074834976,0.32278597136890574,-1.1050173554564666,-1.1640446195553185,-0.9544506491905966,0.3052265531596021,3.7401002112161184,-0.24403360279884856,-1.0085063254292177,-1.0827687531985026,0.7300654947366988,0.13551266170008133,0.11963412396142936,-1.0119183367291478,-0.8159526020605906,-0.7980477862998003,-1.2968514623084886,-0.7415030859166087,-0.7777498140602814,0.229185475521187
1.0,0.0,0.0,6.0,0.0,0.24112757578715885,0.33859673873461577,-0.5115451623538391,-0.5492766269636792,0.3189731493790126,-0.44228215437797735,-0.7318302063650343,-1.5952470050606828,-0.5478152645511983,0.22875311686207844,-0.5086584338488948,0.01626760317932455,0.3282338003891943,-0.44203228589505855,0.012758912906516609,-0.008618527143549876,-0.5127769976324419,-0.3290267799731804,-2.1097923348066447,-1.1125544520179027,1.3273091067164526,0.0011482668267695036,0.3370849326563823,0.22962198434554698,-0.4728793354023334,-1.0384832463175346,0.0391403728017185,-0.7869268291632557,0.11737119914757717,0.05903159594174736,-1.682556655645347,-0.7733668894212787,0.039371695576111296,-0.5715701266597285,-0.7541734609311658,0.026657420633552534
1.0,0.0,0.0,6.0,0.0,0.2365306146560763,0.33178152431168156,-0.49984161339490035,-0.5363007528130164,4.136746360079474,-0.4327087249793572,-0.7113811795511604,-1.4950061925317077,-0.5348902395440247,0.22441714403940216,0.21244009759450552,0.01597524795157631,0.32166979424419334,0.3116694757242007,0.012529639119743799,-0.5113395315406515,0.0013082243308726643,0.006301531580414466,-0.5520512386117111,-2.141413442277578,0.011206671185517407,0.3515575909044514,0.02964167241859011,3.5576756101528684,-0.46239618139104827,-0.4926174637058557,0.038436018653617725,-0.7637332703745511,-0.8185835897930895,0.05796709356980727,-1.5689713567316323,-1.6508910532306433,0.038662934187499734,-0.5578023090943541,-0.581239278812142,0.026178118813810436
1.0,0.0,0.0,6.0,0.0,0.23218715878217452,0.32536318958345456,-0.4889117264423832,-0.5242099598361651,-1.4198715625475813,-0.42373455687088474,-0.6925726791373156,-1.4117125534926371,-0.5228457413130939,0.2203188966192218,0.20858077305364942,0.015698078292805707,0.31548557309109837,0.305713285238889,0.012312273012588141,-0.5000514119864157,-0.5113240138594269,0.006192224739462095,-0.5394357138083007,-0.5549117210483667,0.0110122625940419,4.207800344438331,0.38256713846885343,-3.629731007244355,-0.45258487921038937,-0.481909088672547,0.03776829994618409,-0.742497618230482,-0.7945720529643594,0.05695807478772346,-1.475838751039923,-1.5459800181958259,0.03799103855837655,-0.5449915780709716,-0.5676125646774881,0.0257237248912712
1.0,0.0,0.0,7.0,1.0,-1.3276998908171087,-1.411982761627436,-0.47867342242278715,-0.3333561363140974,-1.5307579782957343,0.2858100799950236,-0.26434116136351893,2.1269701951780626,-0.050991979634218615,0.2164374037498741,0.2049244932866435,-2.092854069097966,0.3096457803258477,0.300086840241132,-2.2799098710246066,-0.48948423957820586,-0.5004175321595116,0.006088405252277768,-0.5276536498419594,-0.5426290377193651,0.16786046837307808,-1.4183270305024542,4.2779617963048775,-0.11602958989487006,-0.44337626415432196,-0.47187435519967824,0.9585949577533592,-0.7229575458674532,-0.7725780050354871,0.5416996049710951,-1.3976694424619585,-1.4589736045673265,3.9201216535232377,-0.5330313392733946,-0.5549088587284398,0.63837235612458
1.0,0.0,0.0,7.0,1.0,-1.2681422999065386,-1.3436056093382995,-0.46905636390008737,-0.31003349263674423,0.22039920892262813,0.2807777812612165,-0.259739628050689,1.9459776643609887,-0.05016249240339462,-1.3629650899919066,0.20145405046657064,0.08791662702392146,-1.4483811821945107,0.2947607308178047,0.09117661320517254,-0.4795640230345594,-0.49018491508149814,0.005989629698147894,-0.3337140223305167,-0.5311332753595168,0.020209041588658574,-1.534859455963423,-1.4175357741803427,1.1874133899570583,0.27786633023129603,-0.4624451363797774,0.003508656399487809,-0.2899672706145633,-0.7523324181345438,0.03771821317275821,2.168692822363138,-1.3852915408698303,-0.11270807703221179,-0.052540373213947764,-0.5430278957006273,0.0031466682957992397
1.0,0.0,0.0,8.0,1.0,1.079306018569567,1.0763555347245461,-0.45180193425052756,-0.7967906913589032,1.48571398572807,1.9026159829004865,-1.2926487687615156,-0.7029024459393298,2.1608911529099646,-1.3018034848684161,-1.3973765681108463,2.862928177244557,-1.3781967224656617,-1.4839150328094615,2.8892853030444248,-0.4702270227671249,-0.48055917932536235,0.011413982213756306,-0.310263447075931,-0.33414973241317286,-0.42905861363107634,0.23973554945072467,-1.5394172250057785,0.8687359830451888,0.2731482033377524,0.270300634034162,2.127403029844853,-0.28501102279398305,-0.31456518584645554,-1.1917940333303358,1.984520984275605,2.2097663263738663,-2.8446266152519497,-0.05171235786179516,-0.05405303028271508,2.746721042922444
1.0,0.0,0.0,8.0,1.0,1.043417396479676,1.0406680201056222,-0.4517777357716847,4.295791068722445,-0.5788484455726964,1.7728707015636334,-1.239940163655754,-0.6867332076067145,1.9836628230124893,1.073123272149778,-1.3346505944620066,-0.01937825015910041,1.0686325192452377,-1.41196738096309,-0.017759301431541107,-0.45307889277714597,-0.4714823404337121,8.966715559481456e-06,-0.8057780916587853,-0.31056387725342544,4.2585910728049505,1.5202807628052948,0.25841728464904,-1.4118085369004387,1.92274485432081,0.26586874397354177,-0.06659929551387177,-1.3258525089968212,-0.30927851863526395,0.07595661139121188,-0.6832002140557453,2.022446570765379,-0.0024936720942539325,2.1981767301106707,-0.0532269394187663,-0.08743978024336245
1.0,0.0,0.0,8.0,1.0,1.010918800869219,1.0083424511113266,-0.1401527962865353,0.05081174883228696,-0.13866999514341888,1.6666461051751453,-1.1932486509919533,-0.6716399336388873,1.844129652681386,1.0387121273829527,1.0676276807038079,-0.01909159383351054,1.0345155989841968,1.0616873197739105,-0.017496610163204553,-0.4534105640187556,-0.4544260193469504,0.2100289783595905,4.3679940032886195,-0.8146804483218603,-3.159424409338128,-0.5692406207117834,1.5541014855007549,0.2910301450363413,1.793450097541835,1.942734478963146,-0.06560994717456345,-1.2717493207024813,-1.3582672995840654,0.07482668117944134,-0.6682344534237613,-0.6648457279735502,-0.00245679083282036,2.0184936691466175,2.234844247239354,-0.08613651781055426
1.0,0.0,0.0,9.0,1.0,1.777521995337658,1.4824117683711449,-0.410300264458786,0.6596633623003563,-0.4108080419210339,0.020884555062055915,-0.6394041911782962,2.3610330622201436,-0.272223667806049,1.007441703121498,1.0345618577627185,1.061324389339255,1.0034997309074214,1.0289962882564239,0.6445024857620093,-0.13709373153906454,-0.455097094304161,-0.18372037776203404,0.05820741081029865,4.4390289544039945,0.44177653833042585,-0.12429483806480139,-0.5601941172283632,-0.1928736546428601,1.6873008365999915,1.813824289679486,-2.1980073799518403,-1.2238243517285834,-1.3028034438854492,0.725713246031244,-0.6542186141705234,-0.65094497818329,2.9745034199879017,1.8769074350349677,2.0527424730429895,-2.6779610013326542
1.0,0.0,0.0,9.0,1.0,1.676472327528809,1.4166112965287843,-0.44032848002895253,-1.4717094952036132,1.0377703489241907,0.02059281884565751,-0.6267162591677584,2.1577196094515254,-0.26813040160578544,1.78657399617701,1.004416153953399,-0.05048808118563879,1.4856242348606032,0.9991765146750451,-0.0366627643601382,-0.4115861831178413,-0.13415253315173142,-0.020070885678302505,0.6760823037017704,0.06539750729561651,-1.5542022880747781,-0.39997343033971433,-0.11048318938869787,0.9673615099384264,0.016691375133872383,1.7077153839079997,0.0051365595937091744,-0.6663932774078636,-1.2536748869626482,0.05262082443987153,2.398241352920519,-0.6378876524338392,-0.09095909311404005,-0.2715544389654289,1.9091353497891799,0.004033510413337953
1.0,0.0,0.0,9.0,1.0,1.591002184745945,1.3589219489359587,-0.4331479406633935,-1.408748241614757,-0.7203292102354896,0.02031296273430841,-0.6147601777744462,1.9994497124946242,-0.2642166701261392,1.6869995945400675,1.7958207204202499,-0.04980043588564855,1.4212804679811835,1.4891662562982326,-0.0361640421906162,-0.4423302781935532,-0.4129183157079501,0.005476611249544904,-1.4868289195946822,0.6921696955328097,0.026270949438020576,1.0639183366935006,-0.38964664523154147,-1.186288187364931,0.016464573827839436,0.012619039223357392,0.005066782626064949,-0.6532065918436497,-0.692510990267837,0.05190395767831613,2.1922194567056805,2.4350142977860183,-0.08971267295297307,-0.2675836739525105,-0.2709582443376432,0.003978718273962007
1.0,0.0,0.0,10.0,1.0,0.0901843172768268,-0.05777145420029149,0.7292892773580226,-0.6360022598309305,-1.6199629560203557,-0.11389823757256451,-0.3558050356656129,1.5303714925379162,-0.3604802659912109,1.6025034493946024,1.6976068602418468,-2.010056764752011,1.3646895214214823,1.4261687371446958,-1.8195772033908064,-0.43529807670112103,-0.4443607343194133,0.7836598378874052,-1.4240599841536246,-1.5018189198059113,0.588352660064328,-0.7127582693082117,1.089488515426764,-0.6414808109871627,0.01624676358915116,0.012452121010867082,-0.1715659142090121,-0.6407785473980003,-0.6788420807495158,0.36261625470267417,2.0317380599783017,2.2262936028404905,-0.5347976140277187,-0.26378240608654646,-0.2671023040190509,-0.12153474715886041
1.0,0.0,0.0,10.0,1.0,0.08901249977658628,-0.05702449352526066,4.078080522421355,1.0600947035653518,-1.0314275532278012,-0.11241093600400823,-0.3506206573528594,1.4649571906367076,-0.3552117975202293,0.08271080927641318,1.6140110262677054,0.008222888931969662,-0.06897652405101774,1.370597540171182,0.015441597092158796,0.7434181921940706,-0.4374684829977104,2.8569025025005303,-0.6409563075054219,-1.4392194395029438,1.2663746487841392,-1.6242305895660858,-0.7056503993744704,0.4000890190735032,-0.11980197374066305,0.012291649271088166,0.009774612381325064,-0.380645786964602,-0.6659576753666675,0.041920396828100774,1.5591895766990223,2.063614258872336,-0.0747751458286647,-0.36158218338343096,-0.26340666891773457,0.007314784135625878
1.0,0.0,0.0,10.0,1.0,0.08788517448955113,-0.05630575255360638,-0.4427439933564102,1.0316242606607695,0.607175186415434,-0.11098038884087712,-0.3456571137314955,1.4073253668492625,-0.3501684280700473,0.08166445699758365,0.0754626329787801,0.008119587419093655,-0.06810578844732697,-0.0798686743787684,0.015247574975792677,4.135919806344751,0.7573071917477472,-3.1653946323367683,1.0782343684324192,-0.6458903793720507,-0.023846097253820107,-1.030607470588111,-1.6287736420644836,1.1264531783929763,-0.11827469595516989,-0.12557283097473174,0.009651813508961885,-0.3751491035061666,-0.4045613266979868,0.041392835478058734,1.4925582791874925,1.5875197439730144,-0.07383022781496859,-0.3564270077134946,-0.3627165724919038,0.0072228922157361476
1.0,0.0,0.0,11.0,1.0,0.43693303794455307,0.39778053185520507,-0.06755287018253832,0.12498844561113946,1.0826784870380757,-1.1762727334571612,-1.1116545467363599,0.28670073009842795,-0.77908215200376,0.08065681057560858,0.07453244161709142,0.47289748404453946,-0.06726719270652345,-0.07888347938932912,0.5922533478581976,-0.44263194620378005,4.192965327092612,0.2597232202804418,1.049483481405546,1.096089667406663,-0.6982925722228036,0.6253337061108839,-1.0300475243345981,0.32508653792952474,-0.11680435460753856,-0.12400893210106073,-1.3893926361163875,-0.36988459985931915,-0.3987671970781721,-0.9352379371841365,1.4338504788615551,1.5196913465388913,-1.4237606600056452,-0.35148683796608643,-0.35766854149758676,-0.542694684165279
1.0,0.0,0.0,11.0,1.0,0.4306794384461522,0.3922469112646725,-0.44033055858642595,0.1234692613119704,3.0391100145919197,-1.1425970100646141,-1.0817636314593526,0.28297999883882496,-0.7639848749120564,0.4340774462722145,0.07363579851506648,-0.0038771315194145576,0.392076875107169,-0.07793384168155348,0.00018723751631735715,-0.06286445148901798,-0.4425944608195244,-0.2617027312758337,0.13140751889657704,1.0670625875639839,-0.006024554520834872,1.1053762987432052,0.6430957252194065,1.6006247717853985,-1.195668280633291,-0.12250202660214672,0.044610779040865446,-1.136480223901691,-0.3932159340715547,0.06464317540743797,0.3093734059449779,1.4599252470894046,-0.03583272225624923,-0.7862646893336719,-0.35282615501866166,0.020950415245842572
1.0,0.0,0.0,11.0,1.0,0.4246879034806642,0.3869387283139003,-0.4341603999249673,0.23939025222597732,-0.39668485327131214,-1.1116778685454758,-1.0541785856062373,0.2794006801986431,-0.7497387378584586,0.42802336101428123,0.4313701915766097,-0.003831836335322212,0.38677162027411494,0.38660454114168646,0.00018505011921458522,-0.44038727587776827,-0.05830150582010181,0.0037757882688952537,0.12984499785439876,0.13768961184754788,0.0828058400182252,3.0792208559145147,1.1276519148633084,-2.479791065646674,-1.1616096011343149,-1.2147706053379765,0.04408854418442438,-1.1059085873802137,-1.1607923208861197,0.0638847141659474,0.30540209922529116,0.3312355474324992,-0.03541347556915467,-0.7712826633925149,-0.7933887451443051,0.02070555176703489
1.0,0.0,0.0,12.0,1.0,0.8497068000596256,1.2031025197942369,-0.42824352884334677,0.3984617892017233,-0.40246333947601726,-0.8147231558820935,1.4460381576389574,-3.0790654227297,-0.6862002233642636,0.4222166465643714,0.4255035585115082,0.5770393100504321,0.3816767182670499,0.38151242516945244,1.0621997944742494,-0.4343574944417149,-0.4405071224826586,0.003732682873481376,0.2471455077441051,0.13608701101520818,0.11481837599825424,-0.38812249919129704,3.1188358338189626,-0.009911994408718653,-1.1303249762072736,-1.1803346535789159,0.4180628250312447,-1.0776957906795097,-1.12955409330339,2.9576977454142015,0.3015801736233527,0.3270264103991621,-3.7862507383290813,-0.7571315820033202,-0.7785158675184356,0.0857312633791871
1.0,0.0,0.0,12.0,1.0,0.833252687592613,1.170132237276991,-0.4225630249988567,0.3932885468548845,3.757302546221491,-0.7994793060800535,1.39633190288746,-2.755829437823461,-0.6748542728039173,0.8524122736245633,0.4198708036084801,-0.017405021517340413,1.2071753593786612,0.37661695282735386,-0.024825371103406546,-0.4285697072306065,-0.43461030783471183,0.003691019749270717,0.40807895987629417,0.25475325299419826,-0.010827162325065864,-0.3942653289292973,-0.37988473732533345,3.130351365724349,-0.8300138272708296,-1.1486901066663742,0.03418756244829112,1.4253620507979872,-1.100726552586359,-0.01292345690851722,-3.078038144062547,0.32297409024763746,0.06055434524180763,-0.6930501671574153,-0.7644548962033051,0.01870225892526768
1.0,0.0,0.0,12.0,1.0,0.8177253679963826,1.1397498955255656,4.071697149408204,1.0127952038601693,-0.24288440018214263,-0.7850660339146764,1.3514525696778332,-2.5170287638088453,-0.6640565492185778,0.8362256905384344,0.8551757683054056,-0.017214933149841835,1.174691124970369,1.2113373609782012,-0.02455415416026162,-0.42300810114606924,-0.42894498968202294,3.364378879957227,0.40286149461449894,0.4175293361299046,0.4705264137421769,3.8009706512812698,-0.38637270112738475,-2.811262460427281,-0.8145959807853126,-0.8450607250719212,0.03381385122319349,1.3783210228323541,1.4062227023026466,-0.01278233156153359,-2.7614348427876507,-3.07798642436226,0.05989061083493346,-0.681770377944226,-0.6998340549636135,0.018497993023683323
1.0,0.0,0.0,13.0,1.0,0.677034697486894,1.6631781247281736,-0.42222822398396215,0.6020106345589639,-0.2626860428903921,-1.1504371795729937,0.8637224185902301,-4.885818792568612,-0.712770106081238,0.8209336782071739,0.8392428146468388,-0.1917550504758083,1.144712567336754,1.1793119035813768,0.7532565575561178,4.120344780653136,-0.4234963632987014,-3.0772176852152557,1.02914567330184,0.4122698496276652,-0.32533201616601026,-0.2337658710458294,3.8441716249240585,-0.019739089019862516,-0.8000122643500798,-0.8294722847091736,-0.5055782101818259,1.3356768132090477,1.3615873576858606,-0.5851283943623921,-2.526142216104634,-2.7675089528573382,-4.585844368429175,-0.6710273074556617,-0.688617277394219,-0.05967947985466808
1.0,0.0,0.0,13.0,1.0,0.6666370523580831,1.5983990027970079,-0.4170033376814482,1.642952439028396,0.5428057146374876,-1.1223624505891048,0.8478357122307458,-3.9224677306192546,-0.7014486430411904,0.6790492920424607,0.824174292730751,-0.013003462100825513,1.6746534954982455,1.1497152792528431,-0.04097611749590712,-0.4215632488914057,4.168427168624967,0.0027180430545556255,0.6140367089617967,1.0452607033524366,0.8231054807415477,-0.2539361623557263,-0.22493137073869962,0.5529994783533748,-1.1690108517527673,-0.8147214772980846,0.044856343667715286,0.8476618340446433,1.3209737031299755,0.00012513027192213652,-4.931010083762953,-2.5354797185988818,0.14411909792621033,-0.7204663712046516,-0.6779263016714195,0.019822811325065484
1.0,0.0,0.0,13.0,1.0,0.656706910808931,1.540680117139599,-0.41196835508429813,-1.561154165827592,-0.5756025748618948,-1.096260647103853,0.8328002077007516,-3.3694938572509576,-0.6906532430420608,0.6688164871705311,0.6811014969208841,-0.01287018670210328,1.610129642880306,1.6860823223631591,-0.04055549234984051,-0.41645632322589554,-0.4209633372427062,0.0026901897856516604,1.6654713694334387,0.6258728676757598,-2.4045058599749605,0.5580779245553176,-0.2454573710861494,-0.7842651497571091,-1.1405612321233627,-1.187314693394507,0.044395730095543366,0.8326319862895233,0.8324638071802111,0.00012384798797781922,-3.961709216478568,-4.97581149206709,0.14261055174700896,-0.7091763240271999,-0.728081168246392,0.019619596197259705
1.0,0.0,0.0,14.0,1.0,1.0451877232757036,0.7521834880945741,-0.407112014428123,1.3934104791511466,0.1299532440964618,-0.3657141618803424,0.03145834713520673,0.6690725415247615,-0.49818269402000354,0.6590353428321918,0.6710258024371735,0.5482649159768215,1.5525669317326067,1.6217948669052973,-1.129432368690035,-0.41153118926068427,-0.4159686001745717,0.002663175101586416,-1.5710574607939476,1.6876994826393816,2.148446098259556,-0.5694775689067424,0.5730515906460153,0.4839214406071188,-1.1141053144156672,-1.1584957258658772,1.0639355569612152,0.81837928884258,0.8182163423885563,-0.9878403449556136,-3.404398139502959,-4.000566430670895,5.303557955225744,-0.6984040097366517,-0.7168208532533004,0.2627988305156226
1.0,0.0,0.0,14.0,1.0,1.0235471813986468,0.7405140896312015,0.8478183158655158,0.05564956005778433,-0.6386848588319142,-0.3616205695535888,0.03114834371068784,0.6594786070298007,-0.49203341618658175,1.051854560886327,0.6613868771321303,-0.024146709443316584,0.7562750219972866,1.564374992077434,-0.01672869368630494,-0.40677728385942685,-0.411148076519312,0.8536346600185015,1.4125140875079836,-1.580929820271934,-0.9847743841078472,0.14148653415814366,-0.5635979885022165,-0.5391691662006195,-0.3769397254496177,-1.1316909453803792,0.021938654608825544,0.014588523043526706,0.8046806997774071,0.020499952683510136,0.6769696938267123,-3.438947670096766,-0.018954393897772807,-0.5039896645304379,-0.706070324769268,0.014196500729737029
1.0,0.0,0.0,14.0,1.0,1.0032057256593157,0.7293746000179162,0.8336598003326037,0.05511059135298247,0.33931612835977554,-0.357661756747375,0.030847323091854336,0.6502880601645137,-0.48610724522137805,1.0303575731949894,1.0584948047987257,-0.023913448668003524,0.7447246129544588,0.7603611118138865,-0.016567142296783365,0.8605842773639687,-0.4064918434564564,-0.0146083939121858,0.062012936395439755,1.4313743703813477,-0.0050432049047904855,-0.6333146334005886,0.1527564719835979,0.6706889200928887,-0.3727711272075577,-0.38796138003456787,0.021726746075337068,0.014447647621233852,-0.0017179403186154127,0.020301950260238504,0.6673806745093147,0.6847777877308784,-0.018771320086482753,-0.4978604665657316,-0.509731764403382,0.014059414136432503
1.0,0.0,0.0,15.0,1.0,0.5843323958536332,0.6667835139058365,-0.43843315742403444,1.4311268503829562,-0.13424330932382458,-0.16557487168645885,1.3390387022664512,-0.5385260165280921,-0.3820561497280357,1.010134863220296,1.0371343613134663,-0.6012772640516052,0.7336907457640114,0.7489245890665223,-0.09244104542257875,0.8463079825773806,0.8731817333583679,-0.8765504870509094,0.06142325610809446,0.06825127255998263,1.0048463804042231,0.3519403521747482,-0.6281678721749998,-0.3352305810410844,-0.36873817897087147,-0.38372072269626084,0.29013336030465137,0.01431077387861921,-0.001701668376762431,1.6355290008677148,0.6581900431854358,0.675193157711227,-1.542337015040063,-0.49195044223365686,-0.5036220251177712,0.14554424454890444
1.0,0.0,0.0,15.0,1.0,0.5770086419195882,0.6577782532789731,-0.21413923054489506,0.35406975068001484,-0.4224102562563983,-0.16399250094773082,1.3042867052312108,-0.5320375806289706,-0.3779743570851242,0.5873422482493069,1.0170246321973135,-0.012160093858072178,0.6706719724017268,0.737991931833154,-0.014779290123143171,-0.43780159788284956,0.8587894889149863,0.15280241725828778,1.4498025922593487,0.06761380120225023,-0.7988528608948429,-0.12516213486475364,0.3643145851240988,-0.20477872032607713,-0.1750216577108076,-0.3796165037500852,0.016084615247736373,1.3275828828931493,-0.0016858499771547923,-0.012008344442479446,-0.542507804410237,0.6660021206045184,0.011630982666878197,-0.386921281870593,-0.49772768761526426,0.011237046411155676
1.0,0.0,0.0,15.0,1.0,0.5699547573998979,0.6491300950561247,-0.4336069761563574,4.0510128111553865,-0.503107073284176,-0.16245465624951747,1.272121411187884,-0.5257790977183022,-0.37402097337960427,0.5800965816636665,0.5903475887587264,-0.01204910232530781,0.6617481978782846,0.6745467866802459,-0.014644382070204671,-0.2115350923048552,-0.43722421761134556,-0.15210134545977932,0.3633189215068615,1.4682510200278456,3.0049433695196175,-0.4155804663846602,-0.11631178417984074,-0.060425764459408,-0.17337427219227602,-0.1842844577738935,0.01593778587639959,1.2941177537148343,1.3168060959704186,-0.011898736800171249,-0.5360695410417378,-0.5464626269465486,0.011524814069987283,-0.3828496600675177,-0.391729901226819,0.011134482312738024
1.0,0.0,0.0,16.0,1.0,-0.05747766153623367,-0.29785256156757617,-0.4289742834951853,3.263376427970855,-0.2633805143861639,1.6989257237049795,-1.094693674701972,0.9431394957156155,1.703280285654371,0.5731137931781142,0.5831770008998621,-0.8962925776356374,0.6531731712782015,0.665701315494134,-1.36555023011809,-0.4331175550824022,-0.20900011584271547,0.0024770253070598553,4.090791060667468,0.37241985582688364,-0.3561721545690748,-0.49708482742308213,-0.4089637062827045,0.1621472349294632,-0.17177255851324016,-0.18257535557017082,2.5603476008613613,1.2630752534814103,1.2845359363286735,-2.799301402374467,-0.5298560975825803,-0.5400727356239294,1.8585054293572505,-0.37890424300617487,-0.38766833860758576,2.652398509336178
1.0,0.0,0.0,16.0,1.0,-0.056969862317369224,-0.29499208908905067,-0.4244874046517712,0.24185126496892498,-0.46385280128484074,1.6414331585761328,-1.0734199256171657,0.9273628339485986,1.6454297581879156,-0.06012209019044871,0.5762626419721095,0.004488390764769592,-0.3026237339932564,0.6571966358056555,0.010673527514928283,-0.4285734649730208,-0.4326755369605535,0.0024552150405497274,3.2959720650919277,4.130189507635444,-2.565826806809144,-0.2558528619702313,-0.49126196813196843,-0.14393687718308287,1.704840120573523,-0.18091295681260575,-0.03206858858259374,-1.112716490411716,1.2545397844136672,0.04039207856938103,0.9529458692522068,-0.533902762975144,-0.022964960074110644,1.7181778767060187,-0.3837308555697195,-0.03831081785368514
1.0,0.0,0.0,16.0,1.0,-0.056475283589106764,-0.2922125947513289,-0.061611794766085436,4.1156601067929754,0.2973822182125906,1.5894318047113754,-1.05334690622414,0.9123566785411297,1.5931234797094092,-0.05959994921483302,-0.06272462015915507,0.004449553376397676,-0.299760140920318,-0.3073345444845935,0.010581162184565573,-0.4241698684550583,-0.4282163240587266,0.24886268538915463,0.2505844390735887,3.3282510429118113,3.480959238022153,-0.45789029773550555,-0.24852315832843727,0.5225421285540185,1.6478533318156463,1.7108121810821961,-0.031790817491360104,-1.0910886363221013,-1.1304594550072704,0.04004199066349975,0.9371292623597361,0.9626542069661831,-0.02276612980263533,1.660101865976672,1.7329472793926515,-0.03797882902756888
1.0,0.0,0.0,17.0,1.0,-0.35135781013554834,-0.27955028279956556,-0.4229035488668697,3.8860798495017526,-0.48760369792900915,-0.5314007501377768,-1.2085606873725194,-0.1864933575799899,-0.5819889357749001,-0.05909117547248455,-0.06218896416679712,-0.4153026283515018,-0.29697644777815085,-0.30446824695736413,0.024853286603037015,-0.05821786743773403,-0.4238925857947916,-0.2505079194051408,4.153376895831381,0.2591704139156047,0.3451809061286159,0.30837485530636205,-0.45211120703700447,-0.5499286155075768,1.596246535409902,1.6543063690190396,-2.840265125830539,-1.0706815666245286,-1.1084830062589366,-0.17947498982745236,0.9220792223298576,0.9467975513675593,-1.4000717647268144,1.607566042179559,1.674645326180575,-2.7423686851322957
1.0,0.0,0.0,17.0,1.0,-0.34804894395258734,-0.2770256707329429,-0.4080004538107724,0.18187331909552037,-0.5561349015461353,-0.5256779161073831,-1.1836372086968683,-0.1848781064132946,-0.5754432313049169,-0.3565821842160622,-0.06166679676703439,0.01166976442815837,-0.28422073936038345,-0.3016807966289644,0.010153494227947436,-0.42267187300447384,-0.054888451925447584,0.009786597077055361,3.9213181942102047,4.190759957352928,-3.4652655278497932,-0.48189891594109774,0.31916819620612874,-0.05156059823066787,-0.5413609883817676,1.6030751252363187,0.0199863690547268,-1.2260396100435293,-1.0877470793307438,0.0431701777468652,-0.18648891147100125,0.9317036967957456,0.001982926723751473,-0.5869645405176713,1.6218802127916612,0.012355824904084224
1.0,0.0,0.0,17.0,1.0,-0.3448320110739357,-0.27456832645141555,-0.3409955393532522,1.771140368653104,-0.3638929612950364,-0.5201367461085442,-1.1602024699614233,-0.18330412442142197,-0.56911441497355,-0.3532684117485217,-0.36174416470181325,0.011573756927519283,-0.28168994143686116,-0.2888329233333981,0.01006996395548545,-0.4077491714246452,-0.42247625578508835,0.04578516142441493,0.19020384048789024,3.956248260469751,1.4803711029148665,-0.5510957020842928,-0.47636783061450716,0.13020931759194518,-0.5355788865462215,-0.5511840787152416,0.019821896360092017,-1.200749869351647,-1.243276912787122,0.04281438335250002,-0.18490027854849655,-0.18649759556498938,0.001966614117352974,-0.5804434859654213,-0.5918982786052917,0.012254171480871379
1.0,0.0,0.0,18.0,1.0,1.1894144478119129,0.8155461611220188,-0.4123675770072737,2.21789138838509,-0.36076705459684244,6.751177450682819,-1.5835371388875161,0.949124275716126,7.632823256619072,-0.3500455188987979,-0.35842587865615905,2.12601166674876,-0.27922564907040726,-0.28629643001820626,1.5524505670370359,-0.34028127098154265,-0.4075319340792025,-0.049952233409240876,1.7904792658243962,0.19839272514025394,0.48735929711356285,-0.3577814737161433,-0.5462190860048873,-0.0018117993880209181,-0.5299788549229986,-0.5453441581048235,7.157821277520699,-1.1769709060965612,-1.2176260204264844,-0.5462020516829428,-0.1833515779266166,-0.18493460196533767,1.4159674600110106,-0.5741359155496268,-0.5854010716132556,7.651632318049859
1.0,0.0,0.0,18.0,1.0,1.1664893361530484,0.8046749795202108,-0.40851431490762863,-1.1281451740463726,-0.7005444204810024,5.066549797957059,-1.5395909666265644,0.9346864333588332,5.415039904483053,1.197144163104718,-0.355197442878777,-0.024024958778792183,0.8200630060794961,-0.2838256928445425,-0.015801857261461067,-0.41232583038690374,-0.339602902195301,0.002332727411902986,2.2398935491404353,1.8096150202305619,-3.03045919809984,-0.3547784583721662,-0.35183020425450134,-0.24137775356354277,6.805950189698577,-0.5396866912437015,-0.11113470046765164,-1.6007910301181538,-1.1935076297471812,0.05175314473225598,0.9586335740427755,-0.1834102707489949,-0.02147771235172063,7.697214431102734,-0.5791140722510454,-0.12540239399201866
1.0,0.0,0.0,18.0,1.0,1.1448471186506983,0.794229375420125,-0.4047673494653172,0.07905555320598348,-0.05542227625231009,4.2271567864293385,-1.499126072619579,0.9208913457205138,4.42661917946683,1.1742617988624948,1.2048273894410833,-0.023836511450936935,0.8092561423224169,0.8245605216454979,-0.015677951841284694,-0.4085336224093415,-0.4123127770040033,0.0023144405557103125,-1.1284636985784249,2.2616835780772155,1.0840061398535277,-0.6969180302370789,-0.34894388152042205,0.44713726953684463,5.1084160566518,6.86028529604283,-0.11025251008186453,-1.5563952642313799,-1.6178856191462643,0.05134632642257627,0.944144576137378,0.9680526802903345,-0.021309252462737797,5.460698395998427,7.761071931358443,-0.12440356038786145
1.0,0.0,0.0,18.0,1.0,1.124372266697205,0.7841822173830262,-0.40112187198926685,-0.9885297281531631,-0.35538779465286563,3.7021234416039563,-1.4617055613426553,0.9076925913077534,3.836080323656645,1.1526495740714344,1.181985083010115,-0.023652428639475507,0.7988676148664489,0.8138156664599466,-0.01555691515559659,-0.4048444057348152,-0.4085793980452539,0.002296576981825168,0.08661754595970586,-1.1288752260923638,-0.963682499852194,-0.04789476214127832,-0.6934282226108587,-0.21398021229456912,4.2623255056931,5.1499422684767895,-0.10939099848654463,-1.5155138342635965,-1.5730435979158264,0.05094895052117378,0.9302965475391597,0.9535127963392513,-0.021144693712022853,4.463925281801806,5.505979002750518,-0.12342821979434941
1.0,0.0,0.0,19.0,0.0,0.08061170622830396,-0.06223404700016906,-0.3975733734282927,3.34279096195632,0.1358148244906638,0.365229812127057,-0.6496177304490344,0.4961724744910413,-0.09297402123259975,1.1321940064954819,1.1604006676375167,-1.478185676605976,0.7888710454951114,0.8034821962568865,-1.213260623195023,-0.4012535922534097,-0.4049458673452025,0.002279120614530567,-0.9881854025513876,0.09404823975998501,3.707275883217225,-0.3497955574929121,-0.04051549027761677,0.33815909037303715,3.7330291383686798,4.297207178932007,-4.85088526831142,-1.477706016945593,-1.531748795360623,1.1264175245830506,0.9170434817934413,0.9396121810956414,-0.5358009667836483,3.8683944696506836,4.500923029267162,-5.509513322336144
1.0,0.0,0.0,19.0,0.0,0.08000414942561009,-0.0617662469878208,-0.1560716754202724,-0.16738100610710896,-0.36181744837351193,0.3621237878344678,-0.6426704898265241,0.4915270826003539,-0.0922717685708817,0.08023553089721311,1.1399626174718642,-0.0003233593350867553,-0.0641737422802925,0.7935344491336229,0.003435601867575164,-0.39775687545976895,-0.4014078035429408,0.16752812998151137,3.370445310578015,-0.9879273610151882,-2.8886765024167325,0.1442844426136438,-0.3443397531560202,-0.35208748386985084,0.3703318010930951,3.76368209797782,-0.011394020407170342,-0.6645691310275781,-1.4935566706851264,0.032982717336599826,0.5023703788712612,0.9263052267916357,-0.012794796751981634,-0.08975140773631096,3.9004418443878492,-0.003449725988674553
1.0,0.0,0.0,20.0,0.0,3.477480603472186,3.1835489920891513,-0.39477861836863704,0.6697432482647527,-0.7856357702564588,1.384289388021523,-1.2609102630504014,0.30625222731065077,0.6013136342185608,0.07963976455880806,0.07986941756496661,4.432638927096252,-0.06369835769166571,-0.06608805730195931,4.267852996829018,-0.15447879275490284,-0.3979610902215032,-0.1668144529026885,-0.1616672175679673,3.3978789359177273,0.6776898831051893,-0.3563611855611975,0.1526092653092982,-0.3004938453459261,0.3672185149305184,0.3753779053383241,1.472727482420932,-0.6574700289446916,-0.6792362079721727,-0.829157368271712,0.4977133068958751,0.5085033514905573,-0.24489530284136882,-0.08908389227810516,-0.08658530263313075,0.9554803898717852
1.0,0.0,0.0,20.0,0.0,3.1772937302870004,2.9454265864852283,-0.391453601805872,2.1675245459715984,-0.17118299377461754,1.3549816922100137,-1.237147909729025,0.30381312955653794,0.5953377063753484,3.5036325818477474,0.07928502398257657,-0.06694089419115024,3.2069141953635616,-0.06560548500263699,-0.0612767468581641,-0.39502683243510733,-0.1529188010272431,0.0022280808029620583,0.6805480736131275,-0.15606631659161435,1.2625616014065275,-0.78287027950442,-0.3510350337185042,0.4275338837234231,1.3970521471006887,0.3722577282771004,-0.033357693463610616,-1.2758453100857758,-0.6719881570817074,0.0452898905926507,0.3110682284383598,0.503834941547456,-0.009109632643955786,0.6094762279639506,-0.0859510528482278,-0.017798267481083613
1.0,0.0,0.0,20.0,0.0,2.9435435376894965,2.7538850070886722,0.5526979581833977,-0.2122009105720549,0.2281493182822518,1.3274675806665033,-1.214686078197782,0.3014314685455205,0.5895371210072253,3.2014841022445113,3.529590758527253,-0.0664590414705281,2.9673936626594513,3.2301102539400293,-0.060835990625311934,-0.3917469389359463,-0.3952933012265998,0.6548232019141343,2.1869459646392766,0.6912170552040078,-1.950518708100318,-0.16497177159232287,-0.7802178135754185,0.27432784629977297,1.3675503744839548,1.4097030601954892,-0.03311839914993748,-1.2518055979269544,-1.290619317886508,0.04496468433310157,0.3086195808445287,0.3158300723759412,-0.009044347288533072,0.6034626814362349,0.6175496073360356,-0.017670693515458993
1.0,0.0,0.0,21.0,0.0,-0.10838900039747108,0.06777187003223593,-0.327386418594525,-0.5351517646435249,-0.41959864180554185,0.04476437037621802,-0.22749142913576118,-0.8175889069199342,-0.2152903254766249,2.9661483116056973,3.2254933774918446,-4.056794641809239,2.7746661927894505,2.9891993408131836,-3.6424439208262913,0.5592362550061047,-0.39205706241756194,-0.6138241271486217,-0.2065018085734574,2.206197862671001,-0.26736167063403393,0.2365758993586684,-0.15888315136918385,-0.4575963850122594,1.3398494508412973,1.3800087336132207,-1.8680790919056423,-1.2290812551610455,-1.2663050959814954,1.3919390150457296,0.3062279362407073,0.31337233703181555,-1.4248746258930034,0.597624337890202,0.611499148263167,-1.1214201563353965
1.0,0.0,0.0,21.0,0.0,-0.10762494141108522,0.06729757021518816,-0.39623644817908116,0.46914844852039433,-0.05828659838813762,0.04445191024769849,-0.22582325069487186,-0.8080433480291932,-0.2137198773359425,-0.10801101209257528,2.9885827956131767,0.0005042671479635112,0.06891609031720616,2.7952932447390073,-0.002176396262239134,-0.32713924410380385,0.565709510349763,-0.048113844438146494,-0.5314239370176284,-0.20091636603341917,0.8111655880979562,-0.41485855507120417,0.24487350061728738,0.2490130584834758,0.04816894703680426,1.3521225013660205,-0.005382536155548748,-0.24176612296173514,-1.2433209451353586,0.024300687675078498,-0.8208501166421927,0.3109711741056121,0.011595417353179666,-0.21267160044198702,0.6056237538893662,-0.0013727254198359884
1.0,0.0,0.0,21.0,0.0,-0.10687681523776237,0.06683308933224509,-0.3930797463560234,2.405969961736332,-1.0679472231521339,0.04414590158578738,-0.22419126312476137,-0.7988259328219212,-0.21218332148854951,-0.10726013936562699,-0.10764350691215051,0.0005008027220797859,0.0684403323031321,0.07004780994140143,-0.0021614438746445797,-0.3965350727055254,-0.3269122879567792,0.0021532359280776268,0.4784712387835803,-0.5277977475544213,1.616919787226359,-0.0516328355412992,-0.4102311961971149,-0.7118066160508054,0.047837234150785925,0.05152686423478411,-0.005345555875661574,-0.2400063258929858,-0.25569185594013183,0.024133633740645706,-0.8113684794974393,-0.824106742768717,0.011515737149353973,-0.21114324558908262,-0.21010390512032293,-0.0013632944817298686
1.0,0.0,0.0,21.0,0.0,-0.10614407575037656,0.0663780932692962,-0.014149049168602606,-0.22927405189867908,-0.3309679503466868,0.043846125445666316,-0.2225941756890267,-0.7899182397148696,-0.21067945550868966,-0.10652471111254258,-0.1069053889365999,0.0004974087142100238,0.06797429157301767,0.06957071561307615,-0.0021467954110784278,-0.3934182483848603,-0.3968491420635179,0.2631769925988313,2.4255404607495485,0.4876717426667003,-2.136237309654632,-1.0670390554010225,-0.045096023986820694,0.5154270955447626,0.04751227968441084,0.05117671609518801,-0.005309327280041596,-0.23828443394116977,-0.25384373270431726,0.02396997740167211,-0.8022093809571292,-0.8146870289664272,0.011437676751312334,-0.20964739196691207,-0.20861604876074044,-0.0013540552374455969
1.0,0.0,0.0,22.0,0.0,2.371362022958619,2.333314465379899,-0.014054421331800987,-0.22765903454065262,0.8819570529680271,-0.5039642226064698,1.2341127009426494,-0.18390234775758665,-0.31974654587626156,-0.1058042050599054,-0.10618224898430874,3.155590677528665,0.06751764183524236,0.06910323719275813,2.9737888292946457,-0.01192165174361428,-0.3937709729364288,-0.0014779979406811642,-0.2236577802754838,2.4449562430798526,-0.0029725817537844374,-0.3261842689236198,-1.0662202986466331,0.84446088398977,0.047193857264974805,0.050833609065647024,-0.7926059713595385,-0.23659910465865733,-0.2520351459986576,1.9922979910641192,-0.7933548998673957,-0.8055844551907119,0.7811622893410182,-0.2081829031620261,-0.20715937621145922,-0.154153908086541
1.0,0.0,0.0,22.0,0.0,2.27099175808083,2.2370710273048307,3.2673492421494617,3.9655376572597776,-0.2806140201227299,-0.49978181289418877,1.213542451220322,-0.18264708100766516,-0.3174175177493659,2.3888155534904536,-0.10547358727247007,-0.042479649186918794,2.350218783375583,0.0686450559970075,-0.04247873280530141,-0.011842977022473786,-0.009725170164295707,2.3652388264651827,-0.22210694125412675,-0.21815020733394483,3.4553394808501703,0.8931348083487554,-0.32150079467567466,-0.8186273659072613,-0.5042981774512502,0.050497310332736266,0.0054983930832666495,1.2201447702540649,-0.25026470488246955,-0.003805218153340281,-0.18325911330178407,-0.7967815779429821,0.0007620077343116099,-0.3180070214585043,-0.20573281264911478,0.0007435575431943238
1.0,0.0,0.0,22.0,0.0,2.1823998601221106,2.1518562625213864,-0.23435583458145215,-0.22736858752549924,-0.9476075912275411,-0.4957021147000631,1.1939717646368444,-0.1814171798404755,-0.3151387192099448,2.287804263139097,2.4061433999661053,-0.042202496092580435,2.253394957586084,2.367003038973582,-0.042201585714983794,3.291140438724279,-0.009661829399969093,-2.439848064569636,3.992207290589943,-0.21666078207165215,-3.2485096146931354,-0.2755138196793496,0.9041906301622069,-0.4713784335620024,-0.5001665391020825,-0.5046514231883603,0.005462584142976049,1.200341487051455,1.2067704878867267,-0.003780436233965789,-0.18202481914756086,-0.18263264045078598,0.0007570448186109648,-0.3157232032480558,-0.31630797360588814,0.0007387151827359239
1.0,0.0,0.0,22.0,0.0,2.1034493715887788,2.075712914682209,-0.3966801601961249,-0.4616809641713814,0.04044653227496653,-0.49172098316954826,1.1753221356110366,-0.1802118010408702,-0.31290836826425616,2.198635412260003,2.3044952845598576,-0.04193069680876718,2.1676533959035096,2.2696024183374734,-0.04192979231878457,-0.23320873218894414,3.3147617206672675,-0.11337699433958379,-0.2219661747779911,4.018710740054298,-0.184500295995934,-0.9461625405225574,-0.2705135820793129,0.6895144232416407,-0.4961350850416567,-0.5005690254576369,0.005427465677109386,1.1814759859708153,1.187685257424589,-0.0037561321563865536,-0.1808151403859979,-0.18141865780446112,0.0007521775959130325,-0.31348795608521757,-0.3140678236072369,0.0007339661907087029
1.0,0.0,0.0,23.0,0.0,0.1877318390194602,0.31141963084139157,-0.3937601635085666,-0.4581168706208557,0.19121306651972114,-0.016995948467932533,0.07210585742648262,-0.6741922932901108,-0.22464624351292364,2.1191623045192327,2.2147533411423797,-2.600973462668029,2.0910294696245577,2.1833374246864565,-2.466666564370339,-0.3966256396990719,-0.2320871694984052,0.0017764575612007538,-0.457555999402874,-0.21666417773944963,-0.00035425341604364546,0.046900421745726666,-0.9447993522350369,0.10068550632501175,-0.49219982270557155,-0.4965843866092602,0.684946154325189,1.1634764313807344,1.169481366097953,-1.509726427940303,-0.1796292693119699,-0.18022857277319945,-0.6352842818065302,-0.3112995804353389,-0.31187466391918983,0.12003096952569178
1.0,0.0,0.0,23.0,0.0,0.18651307197344727,0.30927553451496215,-0.40536534499476484,-0.055337962988630446,-0.8628490135889552,-0.016889393383468367,0.07165153328081435,-0.6680224364874413,-0.2231660565111207,0.19131146568067783,2.1347611667311885,-0.006464118936509495,0.315465383431142,2.10623606207423,-0.0083928101068643,-0.39374281720383064,-0.39658890581126166,-0.008294693640238633,-0.45407913975777797,-0.4535243825714903,0.3077429501407638,0.1983949122308723,0.05325680195956241,-0.7412193068789468,-0.014506893417608371,-0.49269365853295516,-0.003427615019082108,0.059808380591513804,1.15209292719098,0.01578361386460654,-0.6768707675183112,-0.1790616112054509,0.008949089627566305,-0.22254492479337462,-0.30972687254828807,-0.0008149943629941424
1.0,0.0,0.0,23.0,0.0,0.1853177461955601,0.30717517506135483,-0.3556807929222211,0.17588912586572955,-0.5432130417431346,-0.016784817188658995,0.07120568893113642,-0.6620195079506289,-0.22171476478979565,0.19008320747394072,0.19485301552836035,-0.006424104127806089,0.31331532707015036,0.3194724577618942,-0.00834085461682716,-0.4054753725817233,-0.39374217279428675,0.034432602903053326,-0.04936946891287276,-0.45013135850492936,0.1735991242233013,-0.8610567724233108,0.2054779238634064,0.22222209481876948,-0.014417076075928617,-0.012050651889058692,-0.003406397718167876,0.05943681481874258,0.04781565224313727,0.015685886537314894,-0.6707380824267384,-0.6795425610069262,0.008893685408497923,-0.22109805963386178,-0.2204816140914102,-0.0008099495186851433
1.0,0.0,0.0,23.0,0.0,0.18414511950416365,0.3051170838847453,-0.18593042462337056,-0.32101801932537316,-0.12666636091533132,-0.01668215939369159,0.07076806386439945,-0.6561760975306938,-0.2202914397806058,0.18887831533050498,0.1936156675503357,-0.006384823188990271,0.31120869371254367,0.3173167071857526,-0.00828985201614952,-0.35553240642715866,-0.4056005033188923,0.11785329933077153,0.18294456648531393,-0.04349520373178837,-0.3882831384225412,-0.5399641824293082,-0.8593414674838891,0.28967328420925426,-0.014328906264213069,-0.011976958992015755,-0.0033855695297118262,0.05907208814781326,0.04752260766741656,0.015589951904814933,-0.6647696917296374,-0.673446056472437,0.00883929734093736,-0.21967906841137663,-0.2190669517034475,-0.0008049971927202015
1.0,0.0,0.0,24.0,0.0,-0.14459494485294755,-0.14227841790170684,-0.18476787346107465,-0.318876093084863,0.45894276028933106,0.09895340784440794,-1.3688043141331432,-0.012149893731685901,-0.18263014272135425,0.18769605740808468,0.19240160539451112,-0.4473088294918451,0.3091440395685014,0.31520406883535906,-0.6257625508272537,-0.18477750851316818,-0.3553999639638785,6.473393472375813e-06,-0.31638666122742815,0.18990363641221267,-0.0016969109257206998,-0.12143044349416983,-0.5367939328094051,0.4062011641148139,-0.014242334233184228,-0.011904601444986505,0.1631004873245698,0.05871399334974647,0.04723488480422925,-1.93804560296257,-0.6589583727063083,-0.6675112982360253,0.8334417816480693,-0.21828706700613737,-0.21767918969878663,0.04949176807484858
1.0,0.0,0.0,24.0,0.0,-0.14371361659165777,-0.1414117821966278,-0.4005926539845021,-1.058327071099961,-1.2049588237022748,0.09835693792670346,-1.3453489877677995,-0.012077362345982749,-0.1815032118897277,-0.1430369988744755,0.1912101074666949,-0.0008888979977802693,-0.14097502957239721,0.31313312307233765,-0.0005920476199056296,-0.18363643892909412,-0.1836460105448398,-0.15102017741097745,-0.3143065159903001,-0.3118426943475534,-0.5775482892626436,0.46697467464060793,-0.11627823705718122,-1.1683224080640093,0.1020745355239126,-0.011833539408790898,-0.005387335549030603,-1.3809503204441895,0.04695232453538693,0.03900636549595142,-0.010970550428739343,-0.6617312433263809,-0.0014251754786338356,-0.18044275011396058,-0.21631748576936863,-0.0014125286655999516
1.0,0.0,0.0,24.0,0.0,-0.14284821200467088,-0.14056079432208815,0.03261769237944768,2.1057835282297193,-0.6414848885546226,0.09777112535382744,-1.3230636475691206,-0.012006114281932634,-0.18039689493780137,-0.1421758348544621,-0.1415036730488094,-0.0008836552288139495,-0.14012677408817764,-0.13969283894569443,-0.0005885556922876911,-0.4007928942467259,-0.1825257674329149,0.3013783692943075,-1.057434203262291,-0.30982195834302384,2.4071443914961352,-1.2050647047546206,0.47491437708287615,0.3942697633465631,0.10146612552811406,0.10516103056842271,-0.005355559842358507,-1.3572986827952538,-1.393006378350601,0.03877594501349763,-0.010905833464146192,-0.009805705818090961,-0.001416769001253431,-0.17934331157592318,-0.17829040243650765,-0.001404197485993913
1.0,0.0,0.0,24.0,0.0,-0.14199825722282358,-0.1397249889273938,-0.22862981793963705,-0.700461225336148,-0.459490560284073,0.09719565650737456,-1.3018540781596672,-0.011936112144207244,-0.17931057078888507,-0.14133004195803328,-0.14066203842479624,-0.0008785041273711222,-0.13929365047172657,-0.1388623956451777,-0.0005851248194702616,0.034955496880570355,-0.40100542701463177,-0.1832736364033098,2.121193227211978,-1.056610343670956,-2.1110408642845906,-0.6390411291148914,-1.2052312794526352,0.12608011996007248,0.10086846634362043,0.10454113243994376,-0.005324339736029683,-1.3348261825504402,-1.3691595917837895,0.03854955958337562,-0.010842248186041965,-0.00974853603747029,-0.0014085095077441669,-0.178263734027895,-0.17721756011604994,-0.0013960119736001276
1.0,0.0,0.0,25.0,0.0,0.13779573125302647,0.034613855062856254,-0.4002872353867431,-1.042919298508116,-0.6223857885470354,-0.556955855234826,3.2722405308293157,0.48210106286291327,-0.3084857835416755,-0.14049916823061717,-0.13983524679597933,0.3744896192925922,-0.13847521406408916,-0.13804659052689613,0.2399645780828235,-0.22783944719060942,0.037266640149539856,-0.12013197753656382,-0.6978356447771362,2.136492616753254,-0.2627103143522208,-0.45627249947411963,-0.6366636303972348,-0.11724847166613027,0.10028124504559512,0.10393206892910394,-0.9436201074287082,-1.313437920168045,-1.3465010551483418,5.44424247230858,-0.010779761998197107,-0.009692354430380055,0.634395592485481,-0.17720342643459122,-0.17616386042440396,-0.18217411995601113
1.0,0.0,0.0,25.0,0.0,0.1369956509752249,0.034416436900599826,-0.39763667720743573,3.5025135262393796,-0.6353941673651559,-0.5527869657720824,3.0681718540549836,0.47870802035823223,-0.3065589017712952,0.1408860058526963,-0.13902286689418406,-0.005258611907772888,0.0368570414565894,-0.13724499849042268,-0.003392074387638135,-0.40052735124721384,-0.22706638320808728,0.0018042194954928123,-1.04206296225733,-0.6952832016683472,3.3853941349265955,-0.6200421109600549,-0.4531211877932373,-0.011347816594280979,-0.5576362672809828,0.10333352805992926,0.0057410409042911795,3.2641492168595723,-1.3249351862321304,-0.032666121343685225,0.48617702697331905,-0.009637132858854211,-0.008826371415709577,-0.30713507833812254,-0.17512874062126582,0.0007349944592958903
1.0,0.0,0.0,25.0,0.0,0.13620934877769678,0.034222358006580626,-0.3950381730082301,2.0539041956482165,-0.9203484497445941,-0.5487105576049038,2.898103796407301,0.4753857802258224,-0.30466772070206277,0.14007650430169782,0.14394486235609294,-0.005228992658453218,0.03664916302379088,0.03907534786367182,-0.003372968765956462,-0.397904689548891,-0.4007783489201793,0.0017940574101865936,3.5235685954274696,-1.0412697546968834,-1.0704544111415388,-0.6332219902503189,-0.6177595792951525,-0.2052095766150435,-0.5535070275750978,-0.5583282137845049,0.005708704192691888,3.0635622570261414,3.256597997283949,-0.03248193230424705,0.48278300467110036,0.4902223608334912,-0.00877664989720594,-0.30523972309132974,-0.30581198971391926,0.0007308547013825836
1.0,0.0,0.0,25.0,0.0,0.13543643365346242,0.034031525307348695,-0.39249003859707937,2.0599258828638436,-0.092110743172916,-0.5447232548078975,2.7535358288828298,0.47213190964103696,-0.30281115030137656,0.13928079968225152,0.14312629013503916,-0.005199868242035052,0.03644476221476096,0.0388573750971644,-0.0033541823263890857,-0.3953329678864677,-0.3981828704588816,0.00178406509316778,2.0683868748143435,3.544503367175127,0.03142113357698831,-0.9196676506597639,-0.6311078579765782,0.5860983791128183,-0.5494684196451552,-0.5542376050079719,0.00567690771609929,2.8959598699408287,3.059328914211431,-0.0323008236724365,0.47945923963213477,0.48682740574076755,-0.008727759092544208,-0.3033790662447967,-0.3039472411542878,0.0007267841022715704
1.0,0.0,0.0,26.0,0.0,0.8388272679339187,0.8531232421690799,-0.38999066518515846,-0.48325378364632965,-0.5987395001429238,1.5274844276457178,0.5190379736154553,-0.2160534784785739,0.7446101842115558,0.13849850442962744,0.14232152777086024,0.9423565644232498,0.03624374315083464,0.03864300929356634,1.129003590762003,-0.3928105560151544,-0.39563725657019216,0.001774237870382793,2.07426119918199,2.082769560607204,-1.9812055712490577,-0.08762793167513469,-0.9190362039323984,-0.3620938632783889,-0.5455171696720866,-0.5502358413763523,2.877045999000149,2.753192563112234,2.894085571275321,-2.9975594824168006,0.47620333679349824,0.48350217411032786,-0.8906548426750591,-0.301552060850559,-0.30211622895941553,1.43992240236513
1.0,0.0,0.0,26.0,0.0,0.8310145301325677,0.8450646697851527,-0.3315374092173533,1.9694806249591161,-0.20509571257210563,1.4998429034170957,0.5154391109501145,-0.2148205648185544,0.7382824520615855,0.8457137180668147,0.14153019122639635,-0.015705099936363563,0.859840721231891,0.0384321520739637,-0.015946722979837857,-0.3903358958942956,-0.39313992856119956,0.040962474472474315,-0.4795815702834736,2.0884988656963412,1.8925706471825234,-0.5966677647917779,-0.08320740180111401,0.27764974200578935,1.5379886294971101,-0.5463197467449589,-0.026745758085965222,0.5126078897643421,2.753046394801869,0.0028836632943655717,-0.2158383146495381,0.4802443075472893,0.0012628830616875474,0.7514193393585705,-0.3003179470607274,-0.015372429373314934
1.0,0.0,0.0,26.0,0.0,0.8234168494052303,0.8372310133735704,-0.38583754614296845,1.6366523404060722,-0.09114866647741235,1.4736539723442115,0.5119142594446028,-0.21360852881522174,0.732113867553825,0.8378690316341585,0.8525494902618517,-0.015620434910989436,0.8517531079195948,0.8665100994011277,-0.015860754717076337,-0.3315962602228365,-0.3906893769177428,-0.03809767757629784,1.9831276245611014,-0.4759822441294579,-0.25176233447097296,-0.20127621162376827,-0.5946476083361293,0.07813333657066066,1.5101954595360734,1.5484235952444239,-0.026601505200486802,0.509110519068956,0.5063173161754158,0.002868121247225544,-0.21462001970643665,-0.21563206210677424,0.0012560760527600163,0.7450613489370345,0.7581750586453968,-0.015289558637945873
1.0,0.0,0.0,26.0,0.0,0.8160245202377514,0.8296119838336216,-0.38347003619775677,-0.27197086076825727,-1.5198086994043836,1.4487946482117915,0.5084609122444614,-0.2124167875529441,0.7260978571987753,0.8302394094091015,0.8446731237686779,-0.015537124340098164,0.8438902759069993,0.858393667953017,-0.015776161768442234,-0.3862256449981324,-0.33166449029035106,0.0017456721796795828,1.6488473896657914,1.9966820326528472,-1.4959262667423787,-0.08684825111066567,-0.1975135461930834,-1.022761813175168,1.4838608344763735,1.5204796990005771,-0.026459561145549898,0.5056839319833656,0.5029172604404719,0.0028528277784005515,-0.21342213297758642,-0.21442801944006876,0.001249377913930337,0.7388625845262634,0.7517871252823699,-0.01520801363840302
1.0,0.0,0.0,27.0,0.0,0.6822144701025655,0.4643451111838979,-0.06829950615074898,0.11528119279258538,-0.47992471190602964,-0.2864723168058722,-0.4751104543759729,0.9553963319014008,-0.29674322750089543,0.8228151843490024,0.8370118335033977,-0.18918034242455822,0.8362419848359283,0.8505018908991218,-0.5187497132918804,-0.3838801792669632,-0.3866209428277398,0.22087735817488813,-0.26725245385496055,1.660953868329988,0.29780354385388025,-1.5221749282795665,-0.08260551960238588,0.7417188460875841,1.458861431222666,1.4940002740817322,-2.4394490027730105,0.5023257685597713,0.4995849455300241,-1.3053276304913595,-0.21224409071818967,-0.2132439316461588,1.49141035732776,0.7328164971877336,0.7455584973868562,-1.4159514163139524
1.0,0.0,0.0,27.0,0.0,0.6769787095531271,0.4613919378129056,-0.34845953567462573,-0.39172363582389824,-0.6235610243810018,-0.28485237356608634,-0.4720634480310838,0.9458261434034149,-0.2950558105138624,0.6883290115002534,0.8295559898277475,-0.013513168359613806,0.46909620709609046,0.842824575296133,-0.010206930359534268,-0.06705290813863277,-0.3842970040294366,-0.1970476284433839,0.12146490386459188,-0.2626102482207346,-0.3991602061036508,-0.4776984694327803,-1.5245701322158223,-0.10447022400332541,-0.2852373245711678,1.4688616602771023,0.0004997080574969554,-0.48390161523647884,0.4963181477786312,0.01678924897505863,0.9618312744028701,-0.21207925330627053,-0.01471852935210311,-0.2951362411540829,0.7394826499329101,0.00010181464936477458
1.0,0.0,0.0,27.0,0.0,0.6718620287664829,0.45849451163457106,-0.2590516408588275,0.6702705611133736,-0.6076226089257929,-0.283259628062444,-0.46907444014126565,0.9365388646476307,-0.29339688268916103,0.6830710952691987,0.6943971932024737,-0.013443334895773354,0.4661328504706533,0.47380956745896147,-0.010154187092282174,-0.3487111213809443,-0.06582141883359549,0.06273607318101312,-0.3875239053768012,0.12757112511990257,0.8213646252117622,-0.6220594339288363,-0.4755170080844996,0.009832819907875753,-0.28364209924983697,-0.28402468247679896,0.0004971261395696395,-0.48080907683068264,-0.49258545495308453,0.016702475558480097,0.9522352268673411,0.9682252435297104,-0.014642457521214616,-0.29347678785140985,-0.293556698201158,0.00010128858824872012
1.0,0.0,0.0,27.0,0.0,0.6668599731536855,0.45565109786329655,0.12887083124104837,-0.6722323660407082,-0.5356545579259115,-0.2816933270688366,-0.4661416109332992,0.9275208060275191,-0.2917656506276571,0.6779322091166176,0.6891173699187753,-0.013374572862339859,0.4632250627538116,0.4708362351261106,-0.010102252981964988,-0.2588628105735875,-0.34896970359417573,0.27148010764232683,0.678426541376645,-0.38339722262523956,-1.0451155291031147,-0.6061314619042437,-0.6205982959071674,0.05016484157823763,-0.28207336504817637,-0.2824535130662992,0.0004945838277566943,-0.4777752021158196,-0.48944811798723953,0.016617033610661025,0.9429217298932666,0.958603453058051,-0.014567552874997032,-0.29184504030775177,-0.2919244350837423,0.00010077059680498897
1.0,0.0,0.0,28.0,0.0,1.665420042655488,1.5350630083927856,-0.38314531858984135,1.0842080092528108,0.1863180559255997,-0.058167977960578925,-0.2337663386763097,0.38689278533580174,-0.23498589604083256,0.6729079207084907,0.68395652871965,1.3821469851890047,0.46037112602208397,0.46791829490834685,1.5154582528337786,0.13105098062226261,-0.2586829368180893,-0.3599923519102933,-0.6691041894220308,0.68650470756188,1.3502052682766246,-0.5339158293801629,-0.6046792261727926,0.5152545210887144,-0.28053039621989095,-0.28090815427109794,0.3111847418289281,-0.47479815665021247,-0.48637009643019624,0.32429472306135904,0.9338771647419218,0.9492638677259828,-0.7071059767633712,-0.2902402354313233,-0.2903191243231102,0.0761684408293963
1.0,0.0,0.0,28.0,0.0,1.6341082198359242,1.5093299398597586,-0.38093992712953645,0.3036373310986997,0.013638886126552747,-0.057875468672023866,-0.23252997255536995,0.3846600257754427,-0.23374241016136174,1.676221219181236,0.6789102590116233,-0.02742035169412563,1.545044960457131,0.4650540453887857,-0.02552716465167784,-0.38359709105723283,0.13321221200911879,0.0016898679650666736,1.093703989275913,-0.6660456454908914,-0.6095434520726708,0.19119859198609368,-0.5322156509077577,-0.12706847639145324,-0.05593056280064676,-0.27938790653025997,-0.0026976005095276775,-0.24183585935587623,-0.48334954154436327,0.013284038410742487,0.39052233385875373,0.9401929377699905,-0.007278621693151418,-0.23321853473379361,-0.2887400316573874,-0.0006805229995923077
